{"mean":{"confidence_interval":{"confidence_level":0.95,"lower_bound":4459758691.3,"upper_bound":4574202069.1},"point_estimate":4519592544.6,"standard_error":29403764.791948274},"median":{"confidence_interval":{"confidence_level":0.95,"lower_bound":4464776741.0,"upper_bound":4594471339.5},"point_estimate":4515914944.0,"standard_error":37598964.12094057},"median_abs_dev":{"confidence_interval":{"confidence_level":0.95,"lower_bound":22682204.334810376,"upper_bound":164561848.28324318},"point_estimate":92422400.92607439,"standard_error":35661935.31037578},"slope":null,"std_dev":{"confidence_interval":{"confidence_level":0.95,"lower_bound":49344306.3385894,"upper_bound":131145426.36573373},"point_estimate":97789360.13999932,"standard_error":22320421.04564306}}