{"mean":{"confidence_interval":{"confidence_level":0.95,"lower_bound":5203059541.6,"upper_bound":5539012456.224999},"point_estimate":5372489372.2,"standard_error":85777094.05123688},"median":{"confidence_interval":{"confidence_level":0.95,"lower_bound":5163306851.5,"upper_bound":5567536384.5},"point_estimate":5368170023.0,"standard_error":92711011.73703226},"median_abs_dev":{"confidence_interval":{"confidence_level":0.95,"lower_bound":55414942.7716881,"upper_bound":469734813.15144},"point_estimate":217089159.255597,"standard_error":113986008.37551565},"slope":null,"std_dev":{"confidence_interval":{"confidence_level":0.95,"lower_bound":141216268.61273068,"upper_bound":375440497.652852},"point_estimate":287285538.2967649,"standard_error":59349303.55681846}}