{"mean":{"confidence_interval":{"confidence_level":0.95,"lower_bound":-0.23935746401668256,"upper_bound":-0.1458751760890416},"point_estimate":-0.19570551611626597,"standard_error":0.02383047183155684},"median":{"confidence_interval":{"confidence_level":0.95,"lower_bound":-0.2381878732481948,"upper_bound":-0.13552679915376564},"point_estimate":-0.19933708380753634,"standard_error":0.023446622697958774}}