{"mean":{"confidence_interval":{"confidence_level":0.95,"lower_bound":-0.10111147722814229,"upper_bound":-0.03769412294577141},"point_estimate":-0.07157399268000031,"standard_error":0.016206977263290345},"median":{"confidence_interval":{"confidence_level":0.95,"lower_bound":-0.1050732028735677,"upper_bound":-0.03976027614017186},"point_estimate":-0.07910133669433983,"standard_error":0.01567832811529917}}