{"mean":{"confidence_interval":{"confidence_level":0.95,"lower_bound":-0.1005927737544361,"upper_bound":-0.0384288767114354},"point_estimate":-0.06955494298915588,"standard_error":0.015955085143270733},"median":{"confidence_interval":{"confidence_level":0.95,"lower_bound":-0.11345212736223065,"upper_bound":-0.017568007604411795},"point_estimate":-0.06824344166914464,"standard_error":0.0253435648233199}}