{"mean":{"confidence_interval":{"confidence_level":0.95,"lower_bound":-0.2120089170876491,"upper_bound":-0.14306561111000413},"point_estimate":-0.17778918574800595,"standard_error":0.017697889863603725},"median":{"confidence_interval":{"confidence_level":0.95,"lower_bound":-0.22158786748672854,"upper_bound":-0.11531862969538431},"point_estimate":-0.16907590254093996,"standard_error":0.026681310908058097}}