{"mean":{"confidence_interval":{"confidence_level":0.95,"lower_bound":3883550923.7,"upper_bound":3941465332.6000004},"point_estimate":3914405501.1,"standard_error":14851763.25919759},"median":{"confidence_interval":{"confidence_level":0.95,"lower_bound":3869197307.0,"upper_bound":3959154598.0},"point_estimate":3927225814.0,"standard_error":19152163.608573828},"median_abs_dev":{"confidence_interval":{"confidence_level":0.95,"lower_bound":6421955.915987492,"upper_bound":79636265.27377367},"point_estimate":48187794.964295626,"standard_error":19861165.776660606},"slope":null,"std_dev":{"confidence_interval":{"confidence_level":0.95,"lower_bound":20805078.02351916,"upper_bound":63360821.454441406},"point_estimate":49343984.303041294,"standard_error":10534458.725996148}}