{"mean":{"confidence_interval":{"confidence_level":0.95,"lower_bound":4591347501.6,"upper_bound":4733056312.0},"point_estimate":4665354865.3,"standard_error":36286629.908423014},"median":{"confidence_interval":{"confidence_level":0.95,"lower_bound":4585516004.0,"upper_bound":4789510302.0},"point_estimate":4672030381.5,"standard_error":45004352.74806434},"median_abs_dev":{"confidence_interval":{"confidence_level":0.95,"lower_bound":21927638.043406606,"upper_bound":206430469.31602657},"point_estimate":136072302.07543373,"standard_error":51895478.41611649},"slope":null,"std_dev":{"confidence_interval":{"confidence_level":0.95,"lower_bound":64644136.93507501,"upper_bound":154991184.13172773},"point_estimate":120505177.62554185,"standard_error":23958017.991770703}}