{"mean":{"confidence_interval":{"confidence_level":0.95,"lower_bound":-0.24836999115448827,"upper_bound":-0.2197284111566993},"point_estimate":-0.23387965629246177,"standard_error":0.007371514191651033},"median":{"confidence_interval":{"confidence_level":0.95,"lower_bound":-0.24456580256200866,"upper_bound":-0.2169826125806832},"point_estimate":-0.2326106248373283,"standard_error":0.006875334534143776}}