{"mean":{"confidence_interval":{"confidence_level":0.95,"lower_bound":-0.25954516704933495,"upper_bound":-0.20170931188780053},"point_estimate":-0.23320672406341847,"standard_error":0.014857291642203136},"median":{"confidence_interval":{"confidence_level":0.95,"lower_bound":-0.2722369615751141,"upper_bound":-0.1956316638466703},"point_estimate":-0.2520921750438545,"standard_error":0.022426442498800443}}