{"mean":{"confidence_interval":{"confidence_level":0.95,"lower_bound":431093586.1,"upper_bound":457378758.45625},"point_estimate":444675323.8,"standard_error":6756828.100629831},"median":{"confidence_interval":{"confidence_level":0.95,"lower_bound":427427127.0,"upper_bound":461258355.75},"point_estimate":450100893.25,"standard_error":7739261.299881464},"median_abs_dev":{"confidence_interval":{"confidence_level":0.95,"lower_bound":1206548.7541794777,"upper_bound":39626361.29549146},"point_estimate":18501769.821327925,"standard_error":9299846.313798817},"slope":null,"std_dev":{"confidence_interval":{"confidence_level":0.95,"lower_bound":10738513.784317626,"upper_bound":28589983.166118782},"point_estimate":22508298.50092604,"standard_error":4517530.934448011}}