{"mean":{"confidence_interval":{"confidence_level":0.95,"lower_bound":3304962526.475,"upper_bound":3508395879.3625},"point_estimate":3408224144.1,"standard_error":51875200.563866705},"median":{"confidence_interval":{"confidence_level":0.95,"lower_bound":3269567731.0,"upper_bound":3486482513.0},"point_estimate":3460189703.5,"standard_error":55372990.266997784},"median_abs_dev":{"confidence_interval":{"confidence_level":0.95,"lower_bound":6568189.940491319,"upper_bound":290555970.2149004},"point_estimate":83142807.6908201,"standard_error":83123748.57982963},"slope":null,"std_dev":{"confidence_interval":{"confidence_level":0.95,"lower_bound":65635182.720736295,"upper_bound":228963216.9324844},"point_estimate":173166188.59623465,"standard_error":38610520.05903205}}