{"mean":{"confidence_interval":{"confidence_level":0.95,"lower_bound":2763038404.4,"upper_bound":2803785889.65},"point_estimate":2784445430.3,"standard_error":10425096.506358203},"median":{"confidence_interval":{"confidence_level":0.95,"lower_bound":2769617763.5,"upper_bound":2808906332.5},"point_estimate":2786909019.5,"standard_error":9705785.108440738},"median_abs_dev":{"confidence_interval":{"confidence_level":0.95,"lower_bound":5283889.937192202,"upper_bound":54401489.3206805},"point_estimate":20341287.94746995,"standard_error":12721645.316220554},"slope":null,"std_dev":{"confidence_interval":{"confidence_level":0.95,"lower_bound":13398780.59971939,"upper_bound":48212956.478625864},"point_estimate":34651895.02905206,"standard_error":9200442.973083412}}