{"mean":{"confidence_interval":{"confidence_level":0.95,"lower_bound":-0.5245681774305297,"upper_bound":-0.491479726680709},"point_estimate":-0.509128530259143,"standard_error":0.008516581553546893},"median":{"confidence_interval":{"confidence_level":0.95,"lower_bound":-0.533464199960761,"upper_bound":-0.4960644759239815},"point_estimate":-0.511587638305137,"standard_error":0.01113874216182941}}