{"mean":{"confidence_interval":{"confidence_level":0.95,"lower_bound":-0.27720720455803494,"upper_bound":-0.1950588519179737},"point_estimate":-0.2388360398006324,"standard_error":0.021010034852787997},"median":{"confidence_interval":{"confidence_level":0.95,"lower_bound":-0.2864735235856849,"upper_bound":-0.17054644724046286},"point_estimate":-0.2410013441414801,"standard_error":0.03210569548584229}}