{"mean":{"confidence_interval":{"confidence_level":0.95,"lower_bound":735228102.4,"upper_bound":748695941.5074999},"point_estimate":742162058.0,"standard_error":3457101.398415391},"median":{"confidence_interval":{"confidence_level":0.95,"lower_bound":732985374.5,"upper_bound":749777753.0},"point_estimate":742390261.0,"standard_error":3287060.1204843028},"median_abs_dev":{"confidence_interval":{"confidence_level":0.95,"lower_bound":1228824.8187839985,"upper_bound":20804973.31313789},"point_estimate":6910557.856813073,"standard_error":5413096.250332195},"slope":null,"std_dev":{"confidence_interval":{"confidence_level":0.95,"lower_bound":4989826.5948026925,"upper_bound":15022480.312744321},"point_estimate":11516058.562222194,"standard_error":2485379.55148788}}