{"mean":{"confidence_interval":{"confidence_level":0.95,"lower_bound":1007968825.6,"upper_bound":1044288019.6225},"point_estimate":1028519614.8,"standard_error":9457771.276709992},"median":{"confidence_interval":{"confidence_level":0.95,"lower_bound":1020330101.5,"upper_bound":1050678418.0},"point_estimate":1032883373.5,"standard_error":8195643.861752496},"median_abs_dev":{"confidence_interval":{"confidence_level":0.95,"lower_bound":6057431.2843590975,"upper_bound":37554484.74558023},"point_estimate":20335843.840366602,"standard_error":8065930.707310353},"slope":null,"std_dev":{"confidence_interval":{"confidence_level":0.95,"lower_bound":11064194.468132058,"upper_bound":45822639.3041999},"point_estimate":31516478.579447635,"standard_error":10751509.90994542}}