{"mean":{"confidence_interval":{"confidence_level":0.95,"lower_bound":-0.15378823314644047,"upper_bound":-0.12050289550347343},"point_estimate":-0.13809576018747838,"standard_error":0.008501494835922264},"median":{"confidence_interval":{"confidence_level":0.95,"lower_bound":-0.161279677022221,"upper_bound":-0.11961952283356125},"point_estimate":-0.141468250433188,"standard_error":0.010454769200457962}}