{"mean":{"confidence_interval":{"confidence_level":0.95,"lower_bound":-0.23961412684233946,"upper_bound":-0.18156986545527856},"point_estimate":-0.21011816380975645,"standard_error":0.014539504751458873},"median":{"confidence_interval":{"confidence_level":0.95,"lower_bound":-0.2506676129072267,"upper_bound":-0.1684854937091428},"point_estimate":-0.20633881593768888,"standard_error":0.020117100889705614}}