{"mean":{"confidence_interval":{"confidence_level":0.95,"lower_bound":-0.20823923959206725,"upper_bound":-0.18430315750831347},"point_estimate":-0.1972041133376663,"standard_error":0.006142896157628583},"median":{"confidence_interval":{"confidence_level":0.95,"lower_bound":-0.21406461229494156,"upper_bound":-0.18214176483619726},"point_estimate":-0.20575090614526947,"standard_error":0.008260215049300176}}