{"mean":{"confidence_interval":{"confidence_level":0.95,"lower_bound":-0.22291508004306854,"upper_bound":-0.17138586205837525},"point_estimate":-0.19692579138458877,"standard_error":0.01317362636078847},"median":{"confidence_interval":{"confidence_level":0.95,"lower_bound":-0.21783057008602325,"upper_bound":-0.1714141465043747},"point_estimate":-0.20071594492746825,"standard_error":0.011716279087935502}}