{"mean":{"confidence_interval":{"confidence_level":0.95,"lower_bound":-0.29332913456078863,"upper_bound":-0.2240602076616603},"point_estimate":-0.25762416281183775,"standard_error":0.017706969519471618},"median":{"confidence_interval":{"confidence_level":0.95,"lower_bound":-0.28856846410872106,"upper_bound":-0.21893075023431985},"point_estimate":-0.2491031003632458,"standard_error":0.018135855249612344}}