{"mean":{"confidence_interval":{"confidence_level":0.95,"lower_bound":-0.7801799786894834,"upper_bound":-0.7637551976383398},"point_estimate":-0.7738285816941173,"standard_error":0.004370788458510358},"median":{"confidence_interval":{"confidence_level":0.95,"lower_bound":-0.7814321105883325,"upper_bound":-0.7742471668591043},"point_estimate":-0.7767115891078346,"standard_error":0.0022529922862071236}}