{"mean":{"confidence_interval":{"confidence_level":0.95,"lower_bound":1439976533.6,"upper_bound":1462128912.125},"point_estimate":1451355193.5,"standard_error":5665391.496508349},"median":{"confidence_interval":{"confidence_level":0.95,"lower_bound":1435485342.0,"upper_bound":1464813881.0},"point_estimate":1456963176.0,"standard_error":9015837.515230011},"median_abs_dev":{"confidence_interval":{"confidence_level":0.95,"lower_bound":2040589.817172289,"upper_bound":30476335.43713689},"point_estimate":16252773.891055584,"standard_error":7970937.29510985},"slope":null,"std_dev":{"confidence_interval":{"confidence_level":0.95,"lower_bound":10662390.354379157,"upper_bound":23268659.929115158},"point_estimate":18938753.098903727,"standard_error":3170454.45083295}}