{"mean":{"confidence_interval":{"confidence_level":0.95,"lower_bound":-0.2669892872128514,"upper_bound":-0.23315974666060463},"point_estimate":-0.2505964356661041,"standard_error":0.008682974354407697},"median":{"confidence_interval":{"confidence_level":0.95,"lower_bound":-0.2699596803637818,"upper_bound":-0.2272936063057882},"point_estimate":-0.2561099847366255,"standard_error":0.010522656788587768}}