{"mean":{"confidence_interval":{"confidence_level":0.95,"lower_bound":-0.960318936816959,"upper_bound":-0.9597319425926317},"point_estimate":-0.9600353004347095,"standard_error":0.0001504637042823665},"median":{"confidence_interval":{"confidence_level":0.95,"lower_bound":-0.9604115113716497,"upper_bound":-0.9596371421803174},"point_estimate":-0.9603194609227041,"standard_error":0.00019544628471566337}}