{"mean":{"confidence_interval":{"confidence_level":0.95,"lower_bound":-0.21463359427936196,"upper_bound":-0.19803336221686335},"point_estimate":-0.20717946219239758,"standard_error":0.004247263722676888},"median":{"confidence_interval":{"confidence_level":0.95,"lower_bound":-0.21728104459032394,"upper_bound":-0.19972667072138717},"point_estimate":-0.21014920563571438,"standard_error":0.004367243009782091}}