{"mean":{"confidence_interval":{"confidence_level":0.95,"lower_bound":-0.27346616692516956,"upper_bound":-0.2063007576041076},"point_estimate":-0.23719831958027549,"standard_error":0.01742756446187063},"median":{"confidence_interval":{"confidence_level":0.95,"lower_bound":-0.24944402548992095,"upper_bound":-0.1942030408368145},"point_estimate":-0.21706860794738814,"standard_error":0.013957929458251559}}