{"mean":{"confidence_interval":{"confidence_level":0.95,"lower_bound":-0.23567950752668732,"upper_bound":-0.17153250812310814},"point_estimate":-0.20492222191502119,"standard_error":0.016498338115488734},"median":{"confidence_interval":{"confidence_level":0.95,"lower_bound":-0.24028752276163168,"upper_bound":-0.16655834829010197},"point_estimate":-0.20324445274633407,"standard_error":0.01872003724644033}}