{"mean":{"confidence_interval":{"confidence_level":0.95,"lower_bound":-0.12193159574207535,"upper_bound":-0.07427243970108718},"point_estimate":-0.09927591181496387,"standard_error":0.012157720844040478},"median":{"confidence_interval":{"confidence_level":0.95,"lower_bound":-0.13471698227058537,"upper_bound":-0.061757011768045045},"point_estimate":-0.0969202306890089,"standard_error":0.018133006272642006}}