{"mean":{"confidence_interval":{"confidence_level":0.95,"lower_bound":7219824.288726853,"upper_bound":7329695.963828124},"point_estimate":7266454.124282408,"standard_error":28726.863969086047},"median":{"confidence_interval":{"confidence_level":0.95,"lower_bound":7201695.555555556,"upper_bound":7294480.666666667},"point_estimate":7240273.4125,"standard_error":25340.52441092595},"median_abs_dev":{"confidence_interval":{"confidence_level":0.95,"lower_bound":6421.675869325643,"upper_bound":111167.5853701313},"point_estimate":65564.44567287443,"standard_error":24593.416974087013},"slope":{"confidence_interval":{"confidence_level":0.95,"lower_bound":7224731.573554248,"upper_bound":7285133.349173553},"point_estimate":7257405.2547619045,"standard_error":15241.911741574544},"std_dev":{"confidence_interval":{"confidence_level":0.95,"lower_bound":31463.279809476393,"upper_bound":139017.800915928},"point_estimate":95152.17541108013,"standard_error":33491.42314059223}}