{"mean":{"confidence_interval":{"confidence_level":0.95,"lower_bound":247109330.935,"upper_bound":259730638.85},"point_estimate":254034828.9,"standard_error":3235250.900678935},"median":{"confidence_interval":{"confidence_level":0.95,"lower_bound":250051855.0,"upper_bound":262696336.5},"point_estimate":254839585.5,"standard_error":2899690.7651171773},"median_abs_dev":{"confidence_interval":{"confidence_level":0.95,"lower_bound":937917.5768986344,"upper_bound":15948208.938212693},"point_estimate":7287111.192677915,"standard_error":3800863.223962823},"slope":null,"std_dev":{"confidence_interval":{"confidence_level":0.95,"lower_bound":4410363.500723525,"upper_bound":15394693.572862156},"point_estimate":10847634.309587322,"standard_error":3254589.434269547}}