{"mean":{"confidence_interval":{"confidence_level":0.95,"lower_bound":-0.3692228091402894,"upper_bound":-0.35579067020281063},"point_estimate":-0.36276024292991405,"standard_error":0.0034416102803102714},"median":{"confidence_interval":{"confidence_level":0.95,"lower_bound":-0.3707930463074687,"upper_bound":-0.3496966946993183},"point_estimate":-0.36034565860370205,"standard_error":0.004778070047415339}}