{"mean":{"confidence_interval":{"confidence_level":0.95,"lower_bound":-0.30821123350015084,"upper_bound":-0.25650167511624683},"point_estimate":-0.27986889993524644,"standard_error":0.013473704971674721},"median":{"confidence_interval":{"confidence_level":0.95,"lower_bound":-0.2913071654794901,"upper_bound":-0.25240852589052365},"point_estimate":-0.263313760546509,"standard_error":0.009075881794095755}}