{"mean":{"confidence_interval":{"confidence_level":0.95,"lower_bound":-0.28565396192200854,"upper_bound":-0.25151508463515737},"point_estimate":-0.26973798730776744,"standard_error":0.008736567660398186},"median":{"confidence_interval":{"confidence_level":0.95,"lower_bound":-0.29298169188019985,"upper_bound":-0.24563574298792934},"point_estimate":-0.27377832786411005,"standard_error":0.012089644009944825}}