{"mean":{"confidence_interval":{"confidence_level":0.95,"lower_bound":-0.2924364511762226,"upper_bound":-0.23592222509537303},"point_estimate":-0.2629285699041002,"standard_error":0.014533679366804844},"median":{"confidence_interval":{"confidence_level":0.95,"lower_bound":-0.2826476401449509,"upper_bound":-0.22289199494405376},"point_estimate":-0.2453778169762746,"standard_error":0.0151947265935045}}