{"mean":{"confidence_interval":{"confidence_level":0.95,"lower_bound":6804158217.5,"upper_bound":7029893364.1},"point_estimate":6920053450.1,"standard_error":57975642.254793465},"median":{"confidence_interval":{"confidence_level":0.95,"lower_bound":6750443254.5,"upper_bound":7088477050.0},"point_estimate":6938322250.5,"standard_error":82683454.30360891},"median_abs_dev":{"confidence_interval":{"confidence_level":0.95,"lower_bound":46474391.23971462,"upper_bound":333555604.49840426},"point_estimate":204998405.98635077,"standard_error":75715256.64557037},"slope":null,"std_dev":{"confidence_interval":{"confidence_level":0.95,"lower_bound":106584249.79645868,"upper_bound":238245101.05301645},"point_estimate":192865154.80256182,"standard_error":33161243.45357439}}