{"mean":{"confidence_interval":{"confidence_level":0.95,"lower_bound":-0.21007279882763072,"upper_bound":-0.15980374218782206},"point_estimate":-0.1876646690166458,"standard_error":0.012915750953866757},"median":{"confidence_interval":{"confidence_level":0.95,"lower_bound":-0.21727638414793615,"upper_bound":-0.17860511241444288},"point_estimate":-0.20419222077792998,"standard_error":0.01105771673469032}}