{"mean":{"confidence_interval":{"confidence_level":0.95,"lower_bound":-0.2173646297340104,"upper_bound":-0.21084356748426894},"point_estimate":-0.21429263896191564,"standard_error":0.00167445988684475},"median":{"confidence_interval":{"confidence_level":0.95,"lower_bound":-0.21812796399075973,"upper_bound":-0.21067929319145717},"point_estimate":-0.2152995219681979,"standard_error":0.001776668016720958}}