{"mean":{"confidence_interval":{"confidence_level":0.95,"lower_bound":707350373.2249999,"upper_bound":727127380.8},"point_estimate":717783550.4,"standard_error":5072310.11531505},"median":{"confidence_interval":{"confidence_level":0.95,"lower_bound":696792635.0,"upper_bound":731426878.5},"point_estimate":723433207.5,"standard_error":8162692.525784199},"median_abs_dev":{"confidence_interval":{"confidence_level":0.95,"lower_bound":2241090.7072126865,"upper_bound":27077418.658679724},"point_estimate":12058152.378425002,"standard_error":6231020.8073971225},"slope":null,"std_dev":{"confidence_interval":{"confidence_level":0.95,"lower_bound":6364147.171398226,"upper_bound":19868063.22596912},"point_estimate":16865897.840290025,"standard_error":2925132.732964308}}