{"mean":{"confidence_interval":{"confidence_level":0.95,"lower_bound":496122466.805,"upper_bound":503480042.73375},"point_estimate":499853233.1,"standard_error":1878031.2780983436},"median":{"confidence_interval":{"confidence_level":0.95,"lower_bound":494277837.5,"upper_bound":504202334.5},"point_estimate":500960622.75,"standard_error":2934827.885085986},"median_abs_dev":{"confidence_interval":{"confidence_level":0.95,"lower_bound":564369.471180439,"upper_bound":10268281.706951559},"point_estimate":5602992.524076998,"standard_error":2623043.882137807},"slope":null,"std_dev":{"confidence_interval":{"confidence_level":0.95,"lower_bound":3611724.096672039,"upper_bound":7910042.79952458},"point_estimate":6256516.508044432,"standard_error":1109716.0913972834}}