{"mean":{"confidence_interval":{"confidence_level":0.95,"lower_bound":3360341932.7,"upper_bound":3407452275.1775},"point_estimate":3382314929.9,"standard_error":12092876.92564149},"median":{"confidence_interval":{"confidence_level":0.95,"lower_bound":3356806226.0,"upper_bound":3410803086.0},"point_estimate":3370389038.0,"standard_error":13270909.373687917},"median_abs_dev":{"confidence_interval":{"confidence_level":0.95,"lower_bound":6081728.132727742,"upper_bound":66635989.5529747},"point_estimate":22477064.38945234,"standard_error":15605011.923484607},"slope":null,"std_dev":{"confidence_interval":{"confidence_level":0.95,"lower_bound":14859691.958462209,"upper_bound":51154960.7756079},"point_estimate":40220859.1480924,"standard_error":8973239.485743528}}