{"mean":{"confidence_interval":{"confidence_level":0.95,"lower_bound":-0.24277307342078727,"upper_bound":-0.17044751441515357},"point_estimate":-0.20890183736851087,"standard_error":0.01893133579450706},"median":{"confidence_interval":{"confidence_level":0.95,"lower_bound":-0.25970088808433855,"upper_bound":-0.13409110120593903},"point_estimate":-0.2127361322748873,"standard_error":0.02906906778542547}}