{"mean":{"confidence_interval":{"confidence_level":0.95,"lower_bound":-0.14923573346551874,"upper_bound":-0.12466980958282985},"point_estimate":-0.1375780615277522,"standard_error":0.006298816476916361},"median":{"confidence_interval":{"confidence_level":0.95,"lower_bound":-0.15626205736471532,"upper_bound":-0.12489115505774173},"point_estimate":-0.1470519869182373,"standard_error":0.008433334857238808}}