{"mean":{"confidence_interval":{"confidence_level":0.95,"lower_bound":1571748999.8,"upper_bound":1585655394.2},"point_estimate":1578767656.0,"standard_error":3547233.8267201185},"median":{"confidence_interval":{"confidence_level":0.95,"lower_bound":1572101353.5,"upper_bound":1585736788.0},"point_estimate":1578059224.5,"standard_error":2865207.151173889},"median_abs_dev":{"confidence_interval":{"confidence_level":0.95,"lower_bound":932717.7281409502,"upper_bound":20368821.311581135},"point_estimate":7488473.102653027,"standard_error":5226309.777442623},"slope":null,"std_dev":{"confidence_interval":{"confidence_level":0.95,"lower_bound":4630913.106575275,"upper_bound":16176898.940709673},"point_estimate":11805832.327101879,"standard_error":2877184.56849657}}