{"mean":{"confidence_interval":{"confidence_level":0.95,"lower_bound":2014620981.7175002,"upper_bound":2235817621.1},"point_estimate":2113707565.9,"standard_error":56845481.88355798},"median":{"confidence_interval":{"confidence_level":0.95,"lower_bound":2025339314.0,"upper_bound":2166555320.0},"point_estimate":2075715913.5,"standard_error":34153130.05037595},"median_abs_dev":{"confidence_interval":{"confidence_level":0.95,"lower_bound":8233231.995230913,"upper_bound":244322968.48990023},"point_estimate":82544743.91133785,"standard_error":65783192.12723543},"slope":null,"std_dev":{"confidence_interval":{"confidence_level":0.95,"lower_bound":55339174.045740746,"upper_bound":271911977.34481454},"point_estimate":189365971.30416885,"standard_error":60597194.48876293}}