{"mean":{"confidence_interval":{"confidence_level":0.95,"lower_bound":2773352461.1,"upper_bound":2892659567.5},"point_estimate":2833241739.3,"standard_error":30425010.07756835},"median":{"confidence_interval":{"confidence_level":0.95,"lower_bound":2764754062.0,"upper_bound":2888656043.0},"point_estimate":2837303893.5,"standard_error":28016538.983638886},"median_abs_dev":{"confidence_interval":{"confidence_level":0.95,"lower_bound":19543079.10194099,"upper_bound":170292590.14600217},"point_estimate":59299152.3278296,"standard_error":40692927.12430668},"slope":null,"std_dev":{"confidence_interval":{"confidence_level":0.95,"lower_bound":41374820.40502429,"upper_bound":137527771.1241597},"point_estimate":101392310.91575254,"standard_error":23601762.654350784}}