{"mean":{"confidence_interval":{"confidence_level":0.95,"lower_bound":2158254436.2,"upper_bound":2171749269.615},"point_estimate":2164726536.2,"standard_error":3464634.7032832406},"median":{"confidence_interval":{"confidence_level":0.95,"lower_bound":2155206998.0,"upper_bound":2176443667.5},"point_estimate":2160507850.5,"standard_error":5657319.491529551},"median_abs_dev":{"confidence_interval":{"confidence_level":0.95,"lower_bound":1221536.3573133945,"upper_bound":18236814.046446435},"point_estimate":11013622.14936912,"standard_error":4820057.113721445},"slope":null,"std_dev":{"confidence_interval":{"confidence_level":0.95,"lower_bound":6096938.938826136,"upper_bound":13912568.518979723},"point_estimate":11569383.141036928,"standard_error":1950593.9822468313}}