{"mean":{"confidence_interval":{"confidence_level":0.95,"lower_bound":280188528.15,"upper_bound":292730138.57374996},"point_estimate":286706089.1,"standard_error":3210635.3234504866},"median":{"confidence_interval":{"confidence_level":0.95,"lower_bound":280463267.25,"upper_bound":295822572.75},"point_estimate":286443118.5,"standard_error":4285135.88513829},"median_abs_dev":{"confidence_interval":{"confidence_level":0.95,"lower_bound":1693207.37708956,"upper_bound":19736504.654257},"point_estimate":9645110.838215053,"standard_error":4208487.45555198},"slope":null,"std_dev":{"confidence_interval":{"confidence_level":0.95,"lower_bound":5770231.767819905,"upper_bound":14128614.696284883},"point_estimate":10719060.315144032,"standard_error":2276793.4444968808}}