{"mean":{"confidence_interval":{"confidence_level":0.95,"lower_bound":-0.2906133050654866,"upper_bound":-0.22111195240734166},"point_estimate":-0.2546549316670216,"standard_error":0.01785906302930999},"median":{"confidence_interval":{"confidence_level":0.95,"lower_bound":-0.2717626785653178,"upper_bound":-0.20261555742014803},"point_estimate":-0.23946020596435758,"standard_error":0.017330475792399505}}