{"mean":{"confidence_interval":{"confidence_level":0.95,"lower_bound":-0.24112368476395818,"upper_bound":-0.21188438231137874},"point_estimate":-0.2265321639742066,"standard_error":0.007517422220559878},"median":{"confidence_interval":{"confidence_level":0.95,"lower_bound":-0.2516613145656701,"upper_bound":-0.20329766313777486},"point_estimate":-0.2365901090653909,"standard_error":0.013577452970035573}}