{"mean":{"confidence_interval":{"confidence_level":0.95,"lower_bound":-0.6602903343801382,"upper_bound":-0.6278573997946408},"point_estimate":-0.6446130095516998,"standard_error":0.008302500165759499},"median":{"confidence_interval":{"confidence_level":0.95,"lower_bound":-0.6613602537535689,"upper_bound":-0.627364651717118},"point_estimate":-0.6365993035205564,"standard_error":0.008697486174133696}}