{"mean":{"confidence_interval":{"confidence_level":0.95,"lower_bound":-0.23092642777397696,"upper_bound":-0.15253219922264502},"point_estimate":-0.19430847003090834,"standard_error":0.01992961248251071},"median":{"confidence_interval":{"confidence_level":0.95,"lower_bound":-0.24005117365008433,"upper_bound":-0.15843330227120023},"point_estimate":-0.20503303447831545,"standard_error":0.021028439204982537}}