{"mean":{"confidence_interval":{"confidence_level":0.95,"lower_bound":1404690488.2749999,"upper_bound":1410978245.8449998},"point_estimate":1407851623.3,"standard_error":1609782.8422658618},"median":{"confidence_interval":{"confidence_level":0.95,"lower_bound":1403750383.0,"upper_bound":1412060526.0},"point_estimate":1407966133.0,"standard_error":2137240.2678478104},"median_abs_dev":{"confidence_interval":{"confidence_level":0.95,"lower_bound":1478384.2006534338,"upper_bound":8943779.893416166},"point_estimate":6116517.34111011,"standard_error":1966819.3765075568},"slope":null,"std_dev":{"confidence_interval":{"confidence_level":0.95,"lower_bound":3058287.2452254533,"upper_bound":6735378.592821317},"point_estimate":5333399.0509519465,"standard_error":950059.8931303776}}