{"mean":{"confidence_interval":{"confidence_level":0.95,"lower_bound":1009675585.33,"upper_bound":1025807955.715},"point_estimate":1017698707.2,"standard_error":4146231.877315084},"median":{"confidence_interval":{"confidence_level":0.95,"lower_bound":1006662183.0,"upper_bound":1032105470.0},"point_estimate":1016296580.0,"standard_error":6351109.921818207},"median_abs_dev":{"confidence_interval":{"confidence_level":0.95,"lower_bound":4214364.555180073,"upper_bound":23928059.038192034},"point_estimate":18047238.027897477,"standard_error":5227097.679058067},"slope":null,"std_dev":{"confidence_interval":{"confidence_level":0.95,"lower_bound":8406427.80375369,"upper_bound":16749139.809786698},"point_estimate":13850252.110031016,"standard_error":2110616.6602514465}}