{"mean":{"confidence_interval":{"confidence_level":0.95,"lower_bound":-0.2586214928759719,"upper_bound":-0.20473607731964935},"point_estimate":-0.2322870484729862,"standard_error":0.013762163918799288},"median":{"confidence_interval":{"confidence_level":0.95,"lower_bound":-0.2555461919288061,"upper_bound":-0.20126256715534296},"point_estimate":-0.2335433764631053,"standard_error":0.013504504728287457}}