{"mean":{"confidence_interval":{"confidence_level":0.95,"lower_bound":-0.14156439411627025,"upper_bound":-0.10994710852259088},"point_estimate":-0.12733160284614953,"standard_error":0.008127549979483006},"median":{"confidence_interval":{"confidence_level":0.95,"lower_bound":-0.1429048193797562,"upper_bound":-0.11709054907610561},"point_estimate":-0.12785198065868986,"standard_error":0.0063636926327555595}}