{"mean":{"confidence_interval":{"confidence_level":0.95,"lower_bound":-0.24493022964173222,"upper_bound":-0.16677716325659364},"point_estimate":-0.20538649859675273,"standard_error":0.02010365110145174},"median":{"confidence_interval":{"confidence_level":0.95,"lower_bound":-0.25210970857571124,"upper_bound":-0.14399536159995985},"point_estimate":-0.1940166163892295,"standard_error":0.027998934729244983}}