{"mean":{"confidence_interval":{"confidence_level":0.95,"lower_bound":-0.10835669429166617,"upper_bound":-0.07346954966955185},"point_estimate":-0.09164902052004897,"standard_error":0.008918064189415036},"median":{"confidence_interval":{"confidence_level":0.95,"lower_bound":-0.11949095389300723,"upper_bound":-0.06601389956339931},"point_estimate":-0.10023437786971201,"standard_error":0.01294346797724648}}