{"mean":{"confidence_interval":{"confidence_level":0.95,"lower_bound":5047057106.872499,"upper_bound":5150494689.6475},"point_estimate":5101426276.8,"standard_error":26581658.02664498},"median":{"confidence_interval":{"confidence_level":0.95,"lower_bound":5009728199.0,"upper_bound":5166106650.0},"point_estimate":5119290062.5,"standard_error":36897116.15461741},"median_abs_dev":{"confidence_interval":{"confidence_level":0.95,"lower_bound":4186438.302075863,"upper_bound":151339102.50599384},"point_estimate":69497418.62167418,"standard_error":36950418.23046851},"slope":null,"std_dev":{"confidence_interval":{"confidence_level":0.95,"lower_bound":41953857.97872865,"upper_bound":111214832.55576286},"point_estimate":88735901.90092367,"standard_error":17164577.160072394}}