{"mean":{"confidence_interval":{"confidence_level":0.95,"lower_bound":5688976131.2775,"upper_bound":6142790682.9},"point_estimate":5924811652.4,"standard_error":116613969.56566341},"median":{"confidence_interval":{"confidence_level":0.95,"lower_bound":5645855774.5,"upper_bound":6243411554.0},"point_estimate":5947004180.5,"standard_error":148193779.14639965},"median_abs_dev":{"confidence_interval":{"confidence_level":0.95,"lower_bound":65233566.36197269,"upper_bound":674246898.9183247},"point_estimate":375665880.4312974,"standard_error":149839202.2801879},"slope":null,"std_dev":{"confidence_interval":{"confidence_level":0.95,"lower_bound":199334538.2947767,"upper_bound":490550394.375338},"point_estimate":389134680.364665,"standard_error":73816735.33990216}}