{"mean":{"confidence_interval":{"confidence_level":0.95,"lower_bound":-0.2768347186647495,"upper_bound":-0.19909799680863938},"point_estimate":-0.2408680800191937,"standard_error":0.02011928498354148},"median":{"confidence_interval":{"confidence_level":0.95,"lower_bound":-0.26722726784756123,"upper_bound":-0.2180338128403101},"point_estimate":-0.25578964208682986,"standard_error":0.0135734480266047}}