{"mean":{"confidence_interval":{"confidence_level":0.95,"lower_bound":-0.22288598096207887,"upper_bound":-0.1967693175950876},"point_estimate":-0.21047529710726287,"standard_error":0.00670766345885842},"median":{"confidence_interval":{"confidence_level":0.95,"lower_bound":-0.2292521155907361,"upper_bound":-0.18836729561551413},"point_estimate":-0.21742118007155253,"standard_error":0.01172026315419832}}