{"mean":{"confidence_interval":{"confidence_level":0.95,"lower_bound":5591378247.795,"upper_bound":5696072654.4},"point_estimate":5647038384.0,"standard_error":26883455.294883132},"median":{"confidence_interval":{"confidence_level":0.95,"lower_bound":5589575142.0,"upper_bound":5730053947.0},"point_estimate":5648981079.5,"standard_error":31492912.228671275},"median_abs_dev":{"confidence_interval":{"confidence_level":0.95,"lower_bound":9389986.887994409,"upper_bound":146479167.96167493},"point_estimate":92934095.10279,"standard_error":35477768.74392017},"slope":null,"std_dev":{"confidence_interval":{"confidence_level":0.95,"lower_bound":44026312.42957445,"upper_bound":119934283.03834693},"point_estimate":89405168.34892753,"standard_error":21181552.22620603}}