{"mean":{"confidence_interval":{"confidence_level":0.95,"lower_bound":-0.3733145634094197,"upper_bound":-0.32485613662225893},"point_estimate":-0.3503995550209559,"standard_error":0.012369351097240907},"median":{"confidence_interval":{"confidence_level":0.95,"lower_bound":-0.37858129334932455,"upper_bound":-0.3362359160009003},"point_estimate":-0.3628708470396014,"standard_error":0.01173028827958637}}