{"mean":{"confidence_interval":{"confidence_level":0.95,"lower_bound":-0.2738611120149688,"upper_bound":-0.20677720872815541},"point_estimate":-0.24306766002177116,"standard_error":0.01713487908761583},"median":{"confidence_interval":{"confidence_level":0.95,"lower_bound":-0.282488633969191,"upper_bound":-0.20690078635639841},"point_estimate":-0.2456487285337765,"standard_error":0.017900963450107252}}